Bus_Name,Bus_Type,Departure_Time,Destination_Time,Total_Duration,Ratings,Price,Seats_Available,Route_name,Route_Link
BLUE HILL TRAVELS INDIA LIMITED,NON A/C Seater Semi Sleeper (2+1),21:30,03:30,06h 00m,"2.8
103",INR 400,8 Seats available,Tezpur to Guwahati,https://www.redbus.in/bus-tickets/tezpur-to-guwahati
Himalayan Travels,NON AC Seater / Sleeper 2+1,23:40,04:00,04h 20m,"2.9
10",450,27 Seats available,Tezpur to Guwahati,https://www.redbus.in/bus-tickets/tezpur-to-guwahati
BLUE HILL TRAVELS INDIA LIMITED,NON A/C Seater Semi Sleeper (2+1),22:15,03:45,05h 30m,"3.8
27",INR 550,10 Seats available,Tezpur to Guwahati,https://www.redbus.in/bus-tickets/tezpur-to-guwahati
Yatra Travels,NON AC Seater/ Sleeper (2+1),20:00,00:00,04h 00m,"4.2
23",400,11 Seats available,Tezpur to Guwahati,https://www.redbus.in/bus-tickets/guwahati-to-tezpur
Yatra Travels,NON AC Seater/ Sleeper (2+1),20:30,01:00,04h 30m,"3.8
9",400,11 Seats available,Tezpur to Guwahati,https://www.redbus.in/bus-tickets/guwahati-to-tezpur
Pranjit Travels (Under ASTC),A/C Seater / Sleeper (2+1),20:45,02:30,05h 45m,3.3,INR 500,10 Seats available,Tezpur to Guwahati,https://www.redbus.in/bus-tickets/guwahati-to-tezpur
Pranjit Travels (Under ASTC),NON A/C Seater (2+1),21:45,02:00,04h 15m,"3.6
15",INR 450,4 Seats available,Tezpur to Guwahati,https://www.redbus.in/bus-tickets/guwahati-to-tezpur
BLUE HILL TRAVELS INDIA LIMITED,NON A/C Seater Semi Sleeper (2+1),20:00,01:15,05h 15m,"2.9
11",400,19 Seats available,Tezpur to Guwahati,https://www.redbus.in/bus-tickets/guwahati-to-tezpur
Himalayan Travels,NON A/C Seater (2+2),20:30,02:30,06h 00m,New,450,35 Seats available,Tezpur to Guwahati,https://www.redbus.in/bus-tickets/guwahati-to-tezpur
KIRAN TRAVELS,A/C Seater (2+1),20:40,00:30,03h 50m,"3.1
6",540,12 Seats available,Tezpur to Guwahati,https://www.redbus.in/bus-tickets/guwahati-to-tezpur
Pranjit Travels (Under ASTC),Bharat Benz A/C Seater (2+1),21:30,02:30,05h 00m,"4.1
9",INR 600,3 Seats available,Tezpur to Guwahati,https://www.redbus.in/bus-tickets/guwahati-to-tezpur
Yatra,Non AC Seater (2+2),20:15,03:30,07h 15m,"2.6
20",INR 350,40 Seats available,Tezpur to Guwahati,https://www.redbus.in/bus-tickets/dhubri-to-guwahati
MAA MONOSHA TRAVELS,NON A/C Seater (2+1),20:00,03:30,07h 30m,New,INR 350,38 Seats available,Tezpur to Guwahati,https://www.redbus.in/bus-tickets/dhubri-to-guwahati
Aniruddha Travels,NON A/C Seater/ Sleeper (2+1),19:30,04:00,08h 30m,"3.8
169",INR 550,30 Seats available,Dhekiajuli to Guwahati,https://www.redbus.in/bus-tickets/tezpur-to-dibrugarh
Aniruddha Travels,AC Seater (2+2),07:50,16:15,08h 25m,"3.9
100",500,9 Seats available,Dhekiajuli to Guwahati,https://www.redbus.in/bus-tickets/tezpur-to-dibrugarh
Puja Transport,NON AC Seater / Sleeper 2+1,20:00,04:30,08h 30m,"3.4
47",INR 550,27 Seats available,Dhekiajuli to Guwahati,https://www.redbus.in/bus-tickets/tezpur-to-dibrugarh
SANJEEBANI TRAVELS,Non A/C Seater / Sleeper (2+1),21:30,04:00,06h 30m,"3.4
7",500,43 Seats available,Dhekiajuli to Guwahati,https://www.redbus.in/bus-tickets/tezpur-to-dibrugarh
Puja Transport,Non AC Seater (2+2),20:00,05:00,09h 00m,"2.4
20",INR 550,24 Seats available,Dhekiajuli to Guwahati,https://www.redbus.in/bus-tickets/tezpur-to-dibrugarh
PIHU TRANSPORT,Bharat Benz NON A/C Seater / Sleeper (2+1),19:45,04:00,08h 15m,"2.0
18",INR 470,49 Seats available,Dhekiajuli to Guwahati,https://www.redbus.in/bus-tickets/tezpur-to-dibrugarh
MOON TRAVELS,AC Seater (2+2),07:15,15:20,08h 05m,"3.4
16",523,35 Seats available,Dhekiajuli to Guwahati,https://www.redbus.in/bus-tickets/tezpur-to-dibrugarh
J.S. Travels,Non AC Seater (2+1),21:00,04:00,07h 00m,"2.3
28",INR 550,32 Seats available,Dhekiajuli to Guwahati,https://www.redbus.in/bus-tickets/tezpur-to-dibrugarh
Neha Travels,Non AC Seater (2+1),22:40,07:00,08h 20m,"2.1
12",INR 650,35 Seats available,Dhekiajuli to Guwahati,https://www.redbus.in/bus-tickets/tezpur-to-dibrugarh
Neha Travels,NON A/C Seater (2+2),22:10,04:00,05h 50m,"2.6
5",INR 650,35 Seats available,Dhekiajuli to Guwahati,https://www.redbus.in/bus-tickets/tezpur-to-dibrugarh
Deep Travels,Non AC Seater (2+1),17:45,04:30,10h 45m,"4.1
108",INR 600,30 Seats available,Dhekiajuli to Guwahati,https://www.redbus.in/bus-tickets/haflong-to-guwahati
NETWORK TRAVELS,NON A/C Seater (2+1),18:00,04:00,10h 00m,"4.5
51",600,11 Seats available,Dhekiajuli to Guwahati,https://www.redbus.in/bus-tickets/haflong-to-guwahati
Assam State Transport Corporation (ASTC) - 147552,Bharat Benz A/C Seater (2+2),07:30,10:45,03h 15m,"4.2
81",INR 235.62,21 Seats available,Dhekiajuli to Guwahati,https://www.redbus.in/bus-tickets/north-lakhimpur-to-dibrugarh
PANKAJ TRAVELS,NON A/C Hi-Tech Push Back (2+2),07:25,11:15,03h 50m,3.3,INR 240,37 Seats available,Dhekiajuli to Guwahati,https://www.redbus.in/bus-tickets/north-lakhimpur-to-dibrugarh
BARBIE TRAVELS,NON A/C Hi-Tech Push Back (2+2),06:00,10:20,04h 20m,New,INR 240,40 Seats available,Dhekiajuli to Guwahati,https://www.redbus.in/bus-tickets/north-lakhimpur-to-dibrugarh
BARBIE TRAVELS,NON A/C Hi-Tech Push Back (2+2),07:55,12:30,04h 35m,New,INR 240,40 Seats available,Dhekiajuli to Guwahati,https://www.redbus.in/bus-tickets/north-lakhimpur-to-dibrugarh
Maa Jagadamba,NON A/C Seater (2+3),09:20,14:00,04h 40m,2.2,INR 240,39 Seats available,Dhekiajuli to Guwahati,https://www.redbus.in/bus-tickets/north-lakhimpur-to-dibrugarh
Maa Jagadamba,A/C Seater Push Back (2+2),09:40,14:25,04h 45m,"2.2
9",INR 260,41 Seats available,Dhekiajuli to Guwahati,https://www.redbus.in/bus-tickets/north-lakhimpur-to-dibrugarh
BARBIE TRAVELS,A/C Seater Push Back (2+2),10:20,13:40,03h 20m,New,INR 280,40 Seats available,Dhekiajuli to Guwahati,https://www.redbus.in/bus-tickets/north-lakhimpur-to-dibrugarh
Air Bus Travels,NON AC Seater / Sleeper 2+1,21:00,03:00,06h 00m,"3.7
6",INR 400,41 Seats available,Dhekiajuli to Guwahati,https://www.redbus.in/bus-tickets/north-lakhimpur-to-dibrugarh
Assam State Transport Corporation (ASTC) - 166131,Bharat Benz A/C Seater (2+2),07:20,13:30,06h 10m,"4.0
93",INR 281,22 Seats available,Dhekiajuli to Guwahati,https://www.redbus.in/bus-tickets/jorhat-to-tinsukia
Assam State Transport Corporation (ASTC) - 139495,NON A/C Seater Push Back (2+1),09:15,15:00,05h 45m,"4.5
22",INR 247,16 Seats available,Dhekiajuli to Guwahati,https://www.redbus.in/bus-tickets/jorhat-to-tinsukia
Purple Wings Coaches,A/C Seater / Sleeper (2+1),01:15,05:45,04h 30m,3.6,559,11 Seats available,Dhekiajuli to Guwahati,https://www.redbus.in/bus-tickets/jorhat-to-tinsukia
NETWORK TRAVELS,NON A/C Seater Push Back (2+1),04:01,09:30,05h 29m,"4.0
10",300,8 Seats available,Dhekiajuli to Guwahati,https://www.redbus.in/bus-tickets/jorhat-to-tinsukia
Aniruddha Travels,AC Seater (2+2),11:45,17:30,05h 45m,"4.3
18",500,23 Seats available,Dhekiajuli to Guwahati,https://www.redbus.in/bus-tickets/jorhat-to-tinsukia
Christina Travels,NON A/C Seater (2+2),12:30,18:00,05h 30m,"3.5
4",450,30 Seats available,Dhekiajuli to Guwahati,https://www.redbus.in/bus-tickets/jorhat-to-tinsukia
Chartered Bus - ASTC,Volvo AC Seater Pushback 2+2,13:30,18:30,05h 00m,"4.6
42",INR 626.24,28 Seats available,Dhekiajuli to Guwahati,https://www.redbus.in/bus-tickets/jorhat-to-tinsukia
NETWORK TRAVELS,Non A/C Seater / Sleeper (2+1),00:30,05:30,05h 00m,"2.9
9",350,24 Seats available,Dhekiajuli to Guwahati,https://www.redbus.in/bus-tickets/jorhat-to-tinsukia
Aniruddha Travels,AC Seater (2+2),07:30,15:35,08h 05m,"4.3
90",500,30 Seats available,Dhekiajuli to Guwahati,https://www.redbus.in/bus-tickets/dibrugarh-to-tezpur
Puja Transport,NON AC Seater / Sleeper 2+1,20:00,05:00,09h 00m,"3.6
84",INR 550,28 Seats available,Dhekiajuli to Guwahati,https://www.redbus.in/bus-tickets/dibrugarh-to-tezpur
Aniruddha Travels,NON A/C Seater/ Sleeper (2+1),19:45,04:00,08h 15m,"3.2
138",INR 550,34 Seats available,Dhekiajuli to Guwahati,https://www.redbus.in/bus-tickets/dibrugarh-to-tezpur
SANJEEBANI TRAVELS,Non A/C Seater / Sleeper (2+1),18:45,03:00,08h 15m,New,500,33 Seats available,Dhekiajuli to Guwahati,https://www.redbus.in/bus-tickets/dibrugarh-to-tezpur
PIHU TRANSPORT,Bharat Benz NON A/C Seater / Sleeper (2+1),19:50,04:30,08h 40m,"3.0
28",INR 470,48 Seats available,Dhekiajuli to Guwahati,https://www.redbus.in/bus-tickets/dibrugarh-to-tezpur
Puja Transport,Non AC Seater (2+2),19:15,04:00,08h 45m,"3.1
17",INR 550,33 Seats available,Dhekiajuli to Guwahati,https://www.redbus.in/bus-tickets/dibrugarh-to-tezpur
J.S. Travels,Non AC Seater (2+1),19:00,04:00,09h 00m,"2.7
35",INR 500,32 Seats available,Dhekiajuli to Guwahati,https://www.redbus.in/bus-tickets/dibrugarh-to-tezpur
MOON TRAVELS,AC Seater (2+2),09:10,17:00,07h 50m,"2.1
11",570,36 Seats available,Dhekiajuli to Guwahati,https://www.redbus.in/bus-tickets/dibrugarh-to-tezpur
Maa Laxmi,NON A/C Seater Push Back (2+1),17:30,01:00,07h 30m,2.9,INR 550,36 Seats available,Dhekiajuli to Guwahati,https://www.redbus.in/bus-tickets/dibrugarh-to-tezpur
Neha Travels,NON A/C Seater (2+2),17:00,03:15,10h 15m,2.3,INR 650,35 Seats available,Dhekiajuli to Guwahati,https://www.redbus.in/bus-tickets/dibrugarh-to-tezpur
Assam State Transport Corporation (ASTC) - 155999,Bharat Benz A/C Seater (2+2),07:15,11:50,04h 35m,"4.2
25",INR 412,17 Seats available,Guwahati to Biswanath Charali,https://www.redbus.in/bus-tickets/guwahati-to-biswanath-charali
Karisma (Aziba),NON A/C Seater (2+1),05:45,11:50,06h 05m,"4.7
8",INR 400,23 Seats available,Guwahati to Biswanath Charali,https://www.redbus.in/bus-tickets/guwahati-to-biswanath-charali
Chartered Bus - ASTC,A/C Seater Push Back (2+2),07:00,12:00,05h 00m,"4.7
68",INR 551.37,27 Seats available,Guwahati to Biswanath Charali,https://www.redbus.in/bus-tickets/guwahati-to-biswanath-charali
Yatra Travels,NON A/C Seater (2+1),07:00,12:40,05h 40m,"4.1
81",450,21 Seats available,Guwahati to Biswanath Charali,https://www.redbus.in/bus-tickets/guwahati-to-biswanath-charali
Pranjit Travels (Under ASTC),A/C Seater (2+1),08:15,15:15,07h 00m,"4.9
9",INR 550,27 Seats available,Guwahati to Biswanath Charali,https://www.redbus.in/bus-tickets/guwahati-to-biswanath-charali
BLUE HILL TRAVELS INDIA LIMITED,NON A/C Seater Semi Sleeper (2+1),09:30,15:00,05h 30m,"3.5
37",INR 400,30 Seats available,Guwahati to Biswanath Charali,https://www.redbus.in/bus-tickets/guwahati-to-biswanath-charali
Mahi Travels(Under ASTC),A/C Seater (2+2),10:00,16:30,06h 30m,"4.2
177",432,30 Seats available,Guwahati to Biswanath Charali,https://www.redbus.in/bus-tickets/guwahati-to-biswanath-charali
Mahi Travels(Under ASTC),Bharat Benz A/C Seater (2+2),10:30,17:00,06h 30m,"3.2
20",436,31 Seats available,Guwahati to Biswanath Charali,https://www.redbus.in/bus-tickets/guwahati-to-biswanath-charali
Orient Transline,A/C Seater (2+1),11:30,16:40,05h 10m,"4.1
140",INR 476.19,28 Seats available,Guwahati to Biswanath Charali,https://www.redbus.in/bus-tickets/guwahati-to-biswanath-charali
Orient Transline,A/C Seater (2+1),13:00,19:10,06h 10m,"3.5
51",INR 476.19,33 Seats available,Guwahati to Biswanath Charali,https://www.redbus.in/bus-tickets/guwahati-to-biswanath-charali
Mahi Travels(Under ASTC),A/C Seater (2+2),14:15,19:30,05h 15m,"3.9
65",445,44 Seats available,Guwahati to Biswanath Charali,https://www.redbus.in/bus-tickets/guwahati-to-biswanath-charali
Mahalaxmi Travels,Tata A/C Seater (2+2),14:35,20:00,05h 25m,"4.8
11",INR 410,40 Seats available,Guwahati to Biswanath Charali,https://www.redbus.in/bus-tickets/guwahati-to-biswanath-charali
Yatra Travels,NON A/C Seater (2+1),18:00,01:30,07h 30m,"3.4
41",450,32 Seats available,Guwahati to Biswanath Charali,https://www.redbus.in/bus-tickets/guwahati-to-biswanath-charali
BLUE HILL TRAVELS INDIA LIMITED,NON A/C Seater Semi Sleeper (2+1),19:15,01:30,06h 15m,3.3,INR 500,31 Seats available,Guwahati to Biswanath Charali,https://www.redbus.in/bus-tickets/guwahati-to-biswanath-charali
KIRAN TRAVELS,Non AC Seater (2+1),19:15,02:00,06h 45m,3.2,405,37 Seats available,Guwahati to Biswanath Charali,https://www.redbus.in/bus-tickets/guwahati-to-biswanath-charali
PARIJAT TRAVELS(UNDER ASTC),NON A/C Seater (2+1),19:35,02:00,06h 25m,"3.8
7",375,29 Seats available,Guwahati to Biswanath Charali,https://www.redbus.in/bus-tickets/guwahati-to-biswanath-charali
Yatra Travels,NON AC Seater/ Sleeper (2+1),20:00,01:00,05h 00m,"3.3
14",450,47 Seats available,Guwahati to Biswanath Charali,https://www.redbus.in/bus-tickets/guwahati-to-biswanath-charali
Pranjit Travels (Under ASTC),Non AC Seater (2+1),20:30,03:00,06h 30m,"4.0
17",INR 500,34 Seats available,Guwahati to Biswanath Charali,https://www.redbus.in/bus-tickets/guwahati-to-biswanath-charali
Pranjit Travels (Under ASTC),A/C Seater / Sleeper (2+1),20:45,03:30,06h 45m,"3.7
12",INR 550,43 Seats available,Guwahati to Biswanath Charali,https://www.redbus.in/bus-tickets/guwahati-to-biswanath-charali
MAHARATHI TRANSPORT,NON A/C Seater (2+1),20:55,02:45,05h 50m,3.6,400,34 Seats available,Guwahati to Biswanath Charali,https://www.redbus.in/bus-tickets/guwahati-to-biswanath-charali
Pranjit Travels (Under ASTC),Bharat Benz A/C Seater (2+1),21:30,03:45,06h 15m,"3.4
33",INR 600,34 Seats available,Guwahati to Biswanath Charali,https://www.redbus.in/bus-tickets/guwahati-to-biswanath-charali
BARBIE TRAVELS,A/C Seater Push Back (2+2),05:30,10:50,05h 20m,New,INR 450,40 Seats available,Guwahati to Biswanath Charali,https://www.redbus.in/bus-tickets/guwahati-to-biswanath-charali
MAA Anada (UNDER ASTC),AC Seater (2+2),09:30,16:15,06h 45m,"1.9
13",INR 384.3,32 Seats available,Guwahati to Biswanath Charali,https://www.redbus.in/bus-tickets/guwahati-to-biswanath-charali
DESTINY TRAVELS,NON A/C Seater (2+1),18:45,00:24,29h 39m,2.1,457,32 Seats available,Guwahati to Biswanath Charali,https://www.redbus.in/bus-tickets/guwahati-to-biswanath-charali
BLUE HILL TRAVELS INDIA LIMITED,NON A/C Seater Semi Sleeper (2+1),20:00,02:00,06h 00m,"1.9
6",450,31 Seats available,Guwahati to Biswanath Charali,https://www.redbus.in/bus-tickets/guwahati-to-biswanath-charali
NORTH EAST TRAVELS(UNDER ASTC),NON A/C Seater (2+1),20:15,02:30,06h 15m,"2.5
13",INR 500,26 Seats available,Guwahati to Biswanath Charali,https://www.redbus.in/bus-tickets/guwahati-to-biswanath-charali
Pranjit Travels (Under ASTC),Non AC Seater (2+1),21:45,03:00,05h 15m,"2.8
30",INR 500,34 Seats available,Guwahati to Biswanath Charali,https://www.redbus.in/bus-tickets/guwahati-to-biswanath-charali
Assam State Transport Corporation (ASTC) - 154173,NON A/C Seater Push Back (2+1),07:30,16:30,09h 00m,"3.0
48",INR 523,21 Seats available,Guwahati to Biswanath Charali,https://www.redbus.in/bus-tickets/guwahati-to-haflong
NETWORK TRAVELS,NON A/C Seater (2+1),18:30,07:00,12h 30m,"4.5
87",600,24 Seats available,Guwahati to Biswanath Charali,https://www.redbus.in/bus-tickets/guwahati-to-haflong
Deep Travels,Non AC Seater (2+1),19:30,06:30,11h 00m,"3.6
182",INR 600,31 Seats available,Guwahati to Biswanath Charali,https://www.redbus.in/bus-tickets/guwahati-to-haflong
Assam State Transport Corporation (ASTC) - 174758,NON A/C Seater Push Back (2+1),08:45,12:15,03h 30m,4.3,INR 200,19 Seats available,Guwahati to Biswanath Charali,https://www.redbus.in/bus-tickets/dibrugarh-to-north-lakhimpur
Assam State Transport Corporation (ASTC) - 147556,Bharat Benz A/C Seater (2+2),12:30,15:45,03h 15m,"4.3
53",INR 235.62,33 Seats available,Guwahati to Biswanath Charali,https://www.redbus.in/bus-tickets/dibrugarh-to-north-lakhimpur
PANKAJ TRAVELS,NON A/C Hi-Tech Push Back (2+2),12:30,17:10,04h 40m,3.3,INR 240,37 Seats available,Guwahati to Biswanath Charali,https://www.redbus.in/bus-tickets/dibrugarh-to-north-lakhimpur
BARBIE TRAVELS,NON A/C Hi-Tech Push Back (2+2),11:10,15:30,04h 20m,New,INR 240,40 Seats available,Guwahati to Biswanath Charali,https://www.redbus.in/bus-tickets/dibrugarh-to-north-lakhimpur
BARBIE TRAVELS,NON A/C Hi-Tech Push Back (2+2),13:30,18:30,05h 00m,New,INR 240,40 Seats available,Guwahati to Biswanath Charali,https://www.redbus.in/bus-tickets/dibrugarh-to-north-lakhimpur
BARBIE TRAVELS,NON A/C Hi-Tech Push Back (2+2),15:30,19:30,04h 00m,New,INR 240,40 Seats available,Guwahati to Biswanath Charali,https://www.redbus.in/bus-tickets/dibrugarh-to-north-lakhimpur
Maa Jagadamba,A/C Seater Push Back (2+2),16:15,19:30,03h 15m,"2.5
11",INR 260,41 Seats available,Guwahati to Biswanath Charali,https://www.redbus.in/bus-tickets/dibrugarh-to-north-lakhimpur
Maa Jagadamba,NON A/C Seater (2+3),16:20,19:30,03h 10m,2.5,INR 250,39 Seats available,Guwahati to Biswanath Charali,https://www.redbus.in/bus-tickets/dibrugarh-to-north-lakhimpur
Air Bus Travels,NON AC Seater / Sleeper 2+1,19:40,01:00,05h 20m,"2.4
5",INR 400,46 Seats available,Guwahati to Biswanath Charali,https://www.redbus.in/bus-tickets/dibrugarh-to-north-lakhimpur
Air Bus Travels,NON AC Seater / Sleeper 2+1,21:15,02:00,04h 45m,"2.5
4",INR 400,46 Seats available,Guwahati to Biswanath Charali,https://www.redbus.in/bus-tickets/dibrugarh-to-north-lakhimpur
Assam State Transport Corporation (ASTC) - 154173,NON A/C Seater Push Back (2+1),10:25,16:30,06h 05m,"4.4
36",INR 358,25 Seats available,Guwahati to Biswanath Charali,https://www.redbus.in/bus-tickets/nagaon-to-haflong
Deep Travels,Non AC Seater (2+1),23:55,06:30,06h 35m,"1.9
8",INR 500,31 Seats available,Guwahati to Biswanath Charali,https://www.redbus.in/bus-tickets/nagaon-to-haflong
Aniruddha Travels,AC Seater (2+2),07:50,15:00,07h 10m,"3.8
18",500,8 Seats available,Guwahati to Biswanath Charali,https://www.redbus.in/bus-tickets/tezpur-to-moran
PIHU TRANSPORT,Bharat Benz NON A/C Seater / Sleeper (2+1),19:45,03:00,07h 15m,"2.1
10",INR 520,50 Seats available,Guwahati to Biswanath Charali,https://www.redbus.in/bus-tickets/tezpur-to-moran
SANJEEBANI TRAVELS,Non A/C Seater / Sleeper (2+1),21:30,03:00,05h 30m,New,500,48 Seats available,Guwahati to Biswanath Charali,https://www.redbus.in/bus-tickets/tezpur-to-moran
MOON TRAVELS,AC Seater (2+2),07:15,14:15,07h 00m,"3.6
4",475,35 Seats available,Guwahati to Biswanath Charali,https://www.redbus.in/bus-tickets/tezpur-to-moran
Neha Travels,NON A/C Seater (2+2),22:10,03:30,05h 20m,"1.9
5",INR 650,35 Seats available,Guwahati to Biswanath Charali,https://www.redbus.in/bus-tickets/tezpur-to-moran
Neha Travels,Non AC Seater (2+1),22:40,06:00,07h 20m,1.9,INR 650,35 Seats available,Guwahati to Biswanath Charali,https://www.redbus.in/bus-tickets/tezpur-to-moran
Assam State Transport Corporation (ASTC) - 166134,Bharat Benz A/C Seater (2+2),10:30,15:30,05h 00m,"4.1
95",INR 207,21 Seats available,Guwahati to Biswanath Charali,https://www.redbus.in/bus-tickets/dibrugarh-to-jorhat
Bashudev Transline (Under ASTC),A/C Seater (2+1),06:45,10:30,03h 45m,"3.4
21",INR 550,19 Seats available,Guwahati to Biswanath Charali,https://www.redbus.in/bus-tickets/dibrugarh-to-jorhat
NETWORK TRAVELS,A/C Seater Push Back (2+2),07:15,10:30,03h 15m,3.7,350,39 Seats available,Guwahati to Biswanath Charali,https://www.redbus.in/bus-tickets/dibrugarh-to-jorhat
SHIVAM TRAVELS,Bharat Benz A/C Seater (2+1),07:30,11:15,03h 45m,"4.5
15",INR 575,20 Seats available,Guwahati to Biswanath Charali,https://www.redbus.in/bus-tickets/dibrugarh-to-jorhat
Chartered Bus - ASTC,A/C Seater Push Back (2+2),08:00,11:00,03h 00m,"4.6
108",INR 647.8,17 Seats available,Guwahati to Biswanath Charali,https://www.redbus.in/bus-tickets/dibrugarh-to-jorhat
Ankur Travels (Under ASTC),NON A/C Push Back (2+2),14:45,19:30,04h 45m,3.1,INR 250,37 Seats available,Guwahati to Biswanath Charali,https://www.redbus.in/bus-tickets/dibrugarh-to-jorhat
Basudev Transline,A/C Seater (2+2),15:15,19:40,04h 25m,"3.4
38",299,30 Seats available,Guwahati to Biswanath Charali,https://www.redbus.in/bus-tickets/dibrugarh-to-jorhat
Trishul Transport Service,A/C Seater / Sleeper (2+1),19:15,22:55,03h 40m,"3.7
6",495,45 Seats available,Guwahati to Biswanath Charali,https://www.redbus.in/bus-tickets/dibrugarh-to-jorhat
Baikuntha Transport Service,Bharat Benz A/C Seater /Sleeper (2+1),19:30,23:15,03h 45m,"3.2
39",400,50 Seats available,Guwahati to Biswanath Charali,https://www.redbus.in/bus-tickets/dibrugarh-to-jorhat
Purple Wings Coaches,A/C Seater / Sleeper (2+1),19:55,00:15,04h 20m,3.6,525,36 Seats available,Guwahati to Biswanath Charali,https://www.redbus.in/bus-tickets/dibrugarh-to-jorhat
Aniruddha Travels,AC Seater (2+2),07:30,11:10,03h 40m,"2.7
5",450,44 Seats available,Guwahati to Biswanath Charali,https://www.redbus.in/bus-tickets/dibrugarh-to-jorhat
NEELAKANTHA (RIYA),Tempo Traveler NON A/C,15:45,20:00,04h 15m, ,INR 250,20 Seats available,Guwahati to Biswanath Charali,https://www.redbus.in/bus-tickets/dibrugarh-to-jorhat
Maa Laxmi,NON A/C Seater Push Back (2+1),17:30,21:30,04h 00m,2.9,INR 500,36 Seats available,Guwahati to Biswanath Charali,https://www.redbus.in/bus-tickets/dibrugarh-to-jorhat
Assam State Transport Corporation (ASTC) - 146022,NON A/C Seater Push Back (2+1),17:45,05:30,11h 45m,"3.8
18",INR 547,28 Seats available,Guwahati to Biswanath Charali,https://www.redbus.in/bus-tickets/guwahati-to-silchar
Bholanath Travels,NON AC Seater / Sleeper 2+1,19:00,05:00,10h 00m,"1.0
4",618,48 Seats available,Guwahati to Biswanath Charali,https://www.redbus.in/bus-tickets/guwahati-to-silchar
Jagannath Travels and Tours Pvt. Ltd.,NON A/C Seater Push Back (2+1),07:00,17:30,10h 30m,"2.2
73",INR 700,34 Seats available,Guwahati to Biswanath Charali,https://www.redbus.in/bus-tickets/guwahati-to-silchar
JAYSIKA,NON A/C Seater (2+1),18:30,06:00,11h 30m,"2.2
44",INR 650,33 Seats available,Guwahati to Biswanath Charali,https://www.redbus.in/bus-tickets/guwahati-to-silchar
NETWORK TRAVELS,NON A/C Seater Push Back (2+1),18:00,06:00,12h 00m,2.2,INR 800,31 Seats available,Guwahati to Biswanath Charali,https://www.redbus.in/bus-tickets/guwahati-to-silchar
AR Travels,Non AC Seater (2+2),19:30,05:40,10h 10m,1.0,INR 650,40 Seats available,Guwahati to Biswanath Charali,https://www.redbus.in/bus-tickets/guwahati-to-silchar
Assam State Transport Corporation (ASTC) - 147552,Bharat Benz A/C Seater (2+2),06:30,10:45,04h 15m,"4.4
37",INR 292.6,21 Seats available,Guwahati to Biswanath Charali,https://www.redbus.in/bus-tickets/bihpuria-to-dibrugarh
Assam State Transport Corporation (ASTC) - 173420,Bharat Benz A/C Seater (2+2),07:00,10:35,03h 35m,"4.7
15",INR 333,27 Seats available,Guwahati to Biswanath Charali,https://www.redbus.in/bus-tickets/north-lakhimpur-to-tezpur
Karisma (Aziba),NON A/C Seater (2+1),05:35,09:45,04h 10m,3.8,INR 400,18 Seats available,Guwahati to Biswanath Charali,https://www.redbus.in/bus-tickets/north-lakhimpur-to-tezpur
Pranjit Travels (Under ASTC),Non AC Seater (2+1),06:30,10:30,04h 00m,3.5,INR 450,28 Seats available,Guwahati to Biswanath Charali,https://www.redbus.in/bus-tickets/north-lakhimpur-to-tezpur
Pranjit Travels (Under ASTC),A/C Seater (2+1),06:45,11:15,04h 30m,3.5,INR 500,29 Seats available,Guwahati to Biswanath Charali,https://www.redbus.in/bus-tickets/north-lakhimpur-to-tezpur
Pranjit Travels (Under ASTC),Non AC Seater (2+1),07:15,11:30,04h 15m,"3.5
5",INR 450,37 Seats available,Guwahati to Biswanath Charali,https://www.redbus.in/bus-tickets/north-lakhimpur-to-tezpur
PANKAJ TRAVELS,AC Seater (2+2),07:25,13:10,05h 45m,3.3,380,40 Seats available,Guwahati to Biswanath Charali,https://www.redbus.in/bus-tickets/north-lakhimpur-to-tezpur
Chartered Bus - ASTC,A/C Seater Push Back (2+2),07:45,11:30,03h 45m,"4.6
6",INR 551.37,20 Seats available,Guwahati to Biswanath Charali,https://www.redbus.in/bus-tickets/north-lakhimpur-to-tezpur
Sparrow Travels (Under ASTC),Non AC Seater (2+2),12:30,18:45,06h 15m,3.0,INR 350,40 Seats available,Guwahati to Biswanath Charali,https://www.redbus.in/bus-tickets/north-lakhimpur-to-tezpur
Mahadev K.P.,Tata A/C Seater (2+2),05:00,10:15,05h 15m,2.0,INR 460,41 Seats available,Guwahati to Biswanath Charali,https://www.redbus.in/bus-tickets/north-lakhimpur-to-tezpur
Mahadev K.P.,Tata A/C Seater (2+2),05:20,10:30,05h 10m,"2.0
5",INR 460,41 Seats available,Guwahati to Biswanath Charali,https://www.redbus.in/bus-tickets/north-lakhimpur-to-tezpur
Ruma Travels (Under ASTC),Non AC Seater (2+2),08:30,15:30,07h 00m,1.0,INR 350,41 Seats available,Guwahati to Biswanath Charali,https://www.redbus.in/bus-tickets/north-lakhimpur-to-tezpur
Debarath,A/C Seater Hi-Tech Push Back (2+2),10:00,15:45,05h 45m,"1.7
7",INR 460,40 Seats available,Guwahati to Biswanath Charali,https://www.redbus.in/bus-tickets/north-lakhimpur-to-tezpur
B.M. Travels (Swastidut) - Under ASTC,Non AC Seater (2+2),10:30,16:20,05h 50m,"2.4
4",INR 350,41 Seats available,Guwahati to Biswanath Charali,https://www.redbus.in/bus-tickets/north-lakhimpur-to-tezpur
KRISHNA CHARAN TRAVELS,A/C Seater Push Back (2+2),12:00,16:30,04h 30m,"2.5
5",INR 450,40 Seats available,Guwahati to Biswanath Charali,https://www.redbus.in/bus-tickets/north-lakhimpur-to-tezpur
Mayur Travels (Under ASTC),Non AC Seater (2+2),12:15,18:00,05h 45m, ,INR 350,43 Seats available,Guwahati to Biswanath Charali,https://www.redbus.in/bus-tickets/north-lakhimpur-to-tezpur
DESTINY TRAVELS,NON A/C Seater (2+1),20:20,23:45,27h 25m,2.1,428,35 Seats available,Guwahati to Biswanath Charali,https://www.redbus.in/bus-tickets/north-lakhimpur-to-tezpur
Assam State Transport Corporation (ASTC) - 173420,Bharat Benz A/C Seater (2+2),09:45,15:15,05h 30m,"4.5
12",INR 412,14 Seats available,Biswanath Charali to Guwahati,https://www.redbus.in/bus-tickets/biswanath-charali-to-guwahati
PARIJAT TRAVELS(UNDER ASTC),NON A/C Seater (2+1),00:30,06:30,06h 00m,3.8,375,10 Seats available,Biswanath Charali to Guwahati,https://www.redbus.in/bus-tickets/biswanath-charali-to-guwahati
Pranjit Travels (Under ASTC),Bharat Benz A/C Seater (2+1),00:30,06:15,05h 45m,"3.8
16",INR 610,5 Seats available,Biswanath Charali to Guwahati,https://www.redbus.in/bus-tickets/biswanath-charali-to-guwahati
Pranjit Travels (Under ASTC),A/C Seater / Sleeper (2+1),00:45,06:00,05h 15m,"4.5
4",INR 550,6 Seats available,Biswanath Charali to Guwahati,https://www.redbus.in/bus-tickets/biswanath-charali-to-guwahati
MAA Anada (UNDER ASTC),AC Seater (2+2),04:00,08:30,04h 30m,"3.8
5",INR 427,30 Seats available,Biswanath Charali to Guwahati,https://www.redbus.in/bus-tickets/biswanath-charali-to-guwahati
Mahi Travels(Under ASTC),A/C Seater (2+2),04:30,08:55,04h 25m,"4.6
171",423,14 Seats available,Biswanath Charali to Guwahati,https://www.redbus.in/bus-tickets/biswanath-charali-to-guwahati
Orient Transline,A/C Seater (2+1),04:40,09:00,04h 20m,"4.6
58",INR 457.14,27 Seats available,Biswanath Charali to Guwahati,https://www.redbus.in/bus-tickets/biswanath-charali-to-guwahati
Mahi Travels(Under ASTC),Bharat Benz A/C Seater (2+2),05:00,09:40,04h 40m,"4.5
58",412,24 Seats available,Biswanath Charali to Guwahati,https://www.redbus.in/bus-tickets/biswanath-charali-to-guwahati
Orient Transline,A/C Seater (2+1),06:10,11:00,04h 50m,"3.7
87",INR 476.19,10 Seats available,Biswanath Charali to Guwahati,https://www.redbus.in/bus-tickets/biswanath-charali-to-guwahati
Mahi Travels(Under ASTC),A/C Seater (2+2),06:30,11:30,05h 00m,"4.4
68",454,32 Seats available,Biswanath Charali to Guwahati,https://www.redbus.in/bus-tickets/biswanath-charali-to-guwahati
Mahalaxmi Travels,Tata A/C Seater (2+2),08:10,13:45,05h 35m,"3.4
7",INR 410,37 Seats available,Biswanath Charali to Guwahati,https://www.redbus.in/bus-tickets/biswanath-charali-to-guwahati
Karisma (Aziba),NON A/C Seater (2+1),08:45,14:10,05h 25m,"4.4
6",INR 450,18 Seats available,Biswanath Charali to Guwahati,https://www.redbus.in/bus-tickets/biswanath-charali-to-guwahati
Pranjit Travels (Under ASTC),Non AC Seater (2+1),09:45,15:45,06h 00m,"3.6
13",INR 500,28 Seats available,Biswanath Charali to Guwahati,https://www.redbus.in/bus-tickets/biswanath-charali-to-guwahati
Pranjit Travels (Under ASTC),A/C Seater (2+1),10:30,15:30,05h 00m,"4.7
6",INR 550,25 Seats available,Biswanath Charali to Guwahati,https://www.redbus.in/bus-tickets/biswanath-charali-to-guwahati
MAHARATHI TRANSPORT,NON A/C Semi Sleeper (2+1),10:45,16:00,05h 15m,3.6,375,22 Seats available,Biswanath Charali to Guwahati,https://www.redbus.in/bus-tickets/biswanath-charali-to-guwahati
Pranjit Travels (Under ASTC),NON A/C Seater (2+1),10:45,16:45,06h 00m,"3.5
35",INR 500,35 Seats available,Biswanath Charali to Guwahati,https://www.redbus.in/bus-tickets/biswanath-charali-to-guwahati
Yatra Travels,NON A/C Seater (2+1),10:45,17:00,06h 15m,"4.4
17",450,19 Seats available,Biswanath Charali to Guwahati,https://www.redbus.in/bus-tickets/biswanath-charali-to-guwahati
Chartered Bus - ASTC,A/C Seater Push Back (2+2),11:00,16:15,05h 15m,"4.3
42",INR 551.37,20 Seats available,Biswanath Charali to Guwahati,https://www.redbus.in/bus-tickets/biswanath-charali-to-guwahati
PANKAJ TRAVELS,AC Seater (2+2),11:30,17:50,06h 20m,4.0,428,33 Seats available,Biswanath Charali to Guwahati,https://www.redbus.in/bus-tickets/biswanath-charali-to-guwahati
BLUE HILL TRAVELS INDIA LIMITED,NON A/C Seater Semi Sleeper (2+1),21:30,03:45,06h 15m,"4.1
19",INR 550,31 Seats available,Biswanath Charali to Guwahati,https://www.redbus.in/bus-tickets/biswanath-charali-to-guwahati
Pranjit Travels (Under ASTC),NON A/C Seater (2+1),23:45,06:30,06h 45m,"3.2
14",INR 500,19 Seats available,Biswanath Charali to Guwahati,https://www.redbus.in/bus-tickets/biswanath-charali-to-guwahati
BLUE HILL TRAVELS INDIA LIMITED,NON A/C Seater Semi Sleeper (2+1),20:00,03:30,07h 30m,"1.7
27",INR 450,31 Seats available,Biswanath Charali to Guwahati,https://www.redbus.in/bus-tickets/biswanath-charali-to-guwahati
DESTINY TRAVELS,NON AC Seater / Sleeper 2+1,00:40,06:00,05h 20m,2.1,447,35 Seats available,Biswanath Charali to Guwahati,https://www.redbus.in/bus-tickets/biswanath-charali-to-guwahati
Assam State Transport Corporation (ASTC) - 139496,NON A/C Seater Push Back (2+1),08:25,13:30,05h 05m,"3.3
49",INR 245,17 Seats available,Biswanath Charali to Guwahati,https://www.redbus.in/bus-tickets/tinsukia-to-jorhat
Assam State Transport Corporation (ASTC) - 166134,Bharat Benz A/C Seater (2+2),09:00,15:30,06h 30m,"4.1
34",INR 281,21 Seats available,Biswanath Charali to Guwahati,https://www.redbus.in/bus-tickets/tinsukia-to-jorhat
Aniruddha Travels,AC Seater (2+2),06:00,11:10,05h 10m,3.6,450,30 Seats available,Biswanath Charali to Guwahati,https://www.redbus.in/bus-tickets/tinsukia-to-jorhat
Chartered Bus - ASTC,A/C Seater Push Back (2+2),06:45,11:00,04h 15m,"4.5
45",INR 626.24,17 Seats available,Biswanath Charali to Guwahati,https://www.redbus.in/bus-tickets/tinsukia-to-jorhat
MADHURIKA TRAVELS,A/C Seater (2+1),07:15,12:30,05h 15m,"3.1
17",601,18 Seats available,Biswanath Charali to Guwahati,https://www.redbus.in/bus-tickets/tinsukia-to-jorhat
Purple Wings Coaches,A/C Seater / Sleeper (2+1),18:30,00:15,05h 45m,"3.7
4",551,34 Seats available,Biswanath Charali to Guwahati,https://www.redbus.in/bus-tickets/tinsukia-to-jorhat
NETWORK TRAVELS,NON A/C Seater Push Back (2+1),19:00,00:30,05h 30m,"4.6
25",300,34 Seats available,Biswanath Charali to Guwahati,https://www.redbus.in/bus-tickets/tinsukia-to-jorhat
Maa Laxmi,NON A/C Seater Push Back (2+1),16:00,21:30,05h 30m,"2.1
6",INR 400,35 Seats available,Biswanath Charali to Guwahati,https://www.redbus.in/bus-tickets/tinsukia-to-jorhat
NETWORK TRAVELS,Non A/C Seater / Sleeper (2+1),17:00,23:00,06h 00m,"2.3
4",350,49 Seats available,Biswanath Charali to Guwahati,https://www.redbus.in/bus-tickets/tinsukia-to-jorhat
Aniruddha Travels,AC Seater (2+2),08:25,15:35,07h 10m,"4.4
27",500,30 Seats available,Biswanath Charali to Guwahati,https://www.redbus.in/bus-tickets/moran-to-tezpur
Aniruddha Travels,NON A/C Seater/ Sleeper (2+1),20:45,04:00,07h 15m,"2.7
37",INR 550,34 Seats available,Biswanath Charali to Guwahati,https://www.redbus.in/bus-tickets/moran-to-tezpur
SANJEEBANI TRAVELS,Non A/C Seater / Sleeper (2+1),20:15,03:00,06h 45m,New,500,36 Seats available,Biswanath Charali to Guwahati,https://www.redbus.in/bus-tickets/moran-to-tezpur
PIHU TRANSPORT,Bharat Benz NON A/C Seater / Sleeper (2+1),20:45,04:30,07h 45m,"2.6
9",INR 520,50 Seats available,Biswanath Charali to Guwahati,https://www.redbus.in/bus-tickets/moran-to-tezpur
Maa Laxmi,NON A/C Seater Push Back (2+1),18:30,01:00,06h 30m,2.9,INR 500,36 Seats available,Biswanath Charali to Guwahati,https://www.redbus.in/bus-tickets/moran-to-tezpur
MOON TRAVELS,AC Seater (2+2),10:30,17:00,06h 30m,2.5,523,36 Seats available,Biswanath Charali to Guwahati,https://www.redbus.in/bus-tickets/moran-to-tezpur
Neha Travels,NON A/C Seater (2+2),18:00,03:15,09h 15m,2.3,INR 650,35 Seats available,Biswanath Charali to Guwahati,https://www.redbus.in/bus-tickets/moran-to-tezpur
Assam State Transport Corporation (ASTC) - 152649,Bharat Benz A/C Seater (2+2),06:45,12:00,05h 15m,"4.1
13",INR 339,3 Seats available,Biswanath Charali to Guwahati,https://www.redbus.in/bus-tickets/jorhat-to-gogamukh
Assam State Transport Corporation (ASTC) - 174758,NON A/C Seater Push Back (2+1),08:45,15:00,06h 15m,3.6,INR 390,19 Seats available,Biswanath Charali to Guwahati,https://www.redbus.in/bus-tickets/dibrugarh-to-biswanath-charali
Air Bus Travels,NON AC Seater / Sleeper 2+1,19:40,05:00,09h 20m,"3.7
41",INR 500,42 Seats available,Biswanath Charali to Guwahati,https://www.redbus.in/bus-tickets/dibrugarh-to-biswanath-charali
Assam State Transport Corporation (ASTC) - 173420,Bharat Benz A/C Seater (2+2),08:30,15:15,06h 45m,"2.8
6",INR 503,14 Seats available,Biswanath Charali to Guwahati,https://www.redbus.in/bus-tickets/gohpur-to-guwahati
Yatra Travels,NON A/C Seater (2+1),09:00,17:00,08h 00m,"4.4
83",450,17 Seats available,Biswanath Charali to Guwahati,https://www.redbus.in/bus-tickets/gohpur-to-guwahati
Maharathi Travels(UNDER ASTC),NON A/C Seater (2+1),22:10,05:30,07h 20m,"4.2
63",400,30 Seats available,Biswanath Charali to Guwahati,https://www.redbus.in/bus-tickets/gohpur-to-guwahati
KIRAN TRAVELS,A/C Seater (2+1),22:50,07:30,08h 40m,"4.3
39",540,22 Seats available,Biswanath Charali to Guwahati,https://www.redbus.in/bus-tickets/gohpur-to-guwahati
Yatra Travels,NON AC Seater/ Sleeper (2+1),22:20,06:00,07h 40m,"4.5
30",450,32 Seats available,Biswanath Charali to Guwahati,https://www.redbus.in/bus-tickets/gohpur-to-guwahati
Chartered Bus - ASTC,A/C Seater Push Back (2+2),09:30,16:15,06h 45m,"4.1
28",INR 551.37,20 Seats available,Biswanath Charali to Guwahati,https://www.redbus.in/bus-tickets/gohpur-to-guwahati
Deep Travels,NON AC Seater / Sleeper 2+1,22:20,05:00,06h 40m,"3.9
29",INR 499,29 Seats available,Biswanath Charali to Guwahati,https://www.redbus.in/bus-tickets/gohpur-to-guwahati
Yatra Travels,NON AC Seater/ Sleeper (2+1),22:50,06:15,07h 25m,"4.4
16",450,47 Seats available,Biswanath Charali to Guwahati,https://www.redbus.in/bus-tickets/gohpur-to-guwahati
Pranjit Travels (Under ASTC),Bharat Benz A/C Seater (2+1),22:45,06:15,07h 30m,"3.1
39",550,31 Seats available,Biswanath Charali to Guwahati,https://www.redbus.in/bus-tickets/gohpur-to-guwahati
PARIJAT TRAVELS(UNDER ASTC),NON A/C Seater (2+1),23:11,06:30,07h 19m,"3.2
30",375,28 Seats available,Biswanath Charali to Guwahati,https://www.redbus.in/bus-tickets/gohpur-to-guwahati
BLUE HILL TRAVELS INDIA LIMITED,NON A/C Seater Semi Sleeper (2+1),20:15,03:45,07h 30m,"3.5
17",INR 550,31 Seats available,Biswanath Charali to Guwahati,https://www.redbus.in/bus-tickets/gohpur-to-guwahati
Yatra Travels,NON A/C Seater (2+1),22:35,06:15,07h 40m,"3.2
21",450,32 Seats available,Biswanath Charali to Guwahati,https://www.redbus.in/bus-tickets/gohpur-to-guwahati
Drishti Travels,NON A/C Seater (2+1),21:00,05:30,08h 30m,"3.0
25",INR 480,16 Seats available,Biswanath Charali to Guwahati,https://www.redbus.in/bus-tickets/gohpur-to-guwahati
NORTH EAST TRAVELS(UNDER ASTC),NON A/C Seater (2+1),20:00,06:00,10h 00m,"2.6
27",INR 500,26 Seats available,Biswanath Charali to Guwahati,https://www.redbus.in/bus-tickets/gohpur-to-guwahati
Island Travels (Under ASTC),Non AC Seater (2+1),22:45,05:45,07h 00m,"3.7
6",INR 550,32 Seats available,Biswanath Charali to Guwahati,https://www.redbus.in/bus-tickets/gohpur-to-guwahati
Drishti Travels,NON A/C Seater (2+1),21:00,05:00,08h 00m,"2.8
19",INR 480,32 Seats available,Biswanath Charali to Guwahati,https://www.redbus.in/bus-tickets/gohpur-to-guwahati
GURUNANAK TRAVELS,NON A/C Seater (2+1),21:00,05:00,08h 00m,"3.1
9",INR 500,32 Seats available,Biswanath Charali to Guwahati,https://www.redbus.in/bus-tickets/gohpur-to-guwahati
Pranjit Travels (Under ASTC),Non AC Seater (2+1),22:20,06:30,08h 10m,"2.9
7",INR 570,29 Seats available,Biswanath Charali to Guwahati,https://www.redbus.in/bus-tickets/gohpur-to-guwahati
Pranjit Travels (Under ASTC),A/C Seater (2+1),09:15,15:30,06h 15m,3.8,INR 630,25 Seats available,Biswanath Charali to Guwahati,https://www.redbus.in/bus-tickets/gohpur-to-guwahati
Pranjit Travels (Under ASTC),A/C Seater / Sleeper (2+1),23:05,06:00,06h 55m,"4.4
26",INR 620,47 Seats available,Biswanath Charali to Guwahati,https://www.redbus.in/bus-tickets/gohpur-to-guwahati
Pranjit Travels (Under ASTC),NON A/C Seater (2+1),08:25,15:45,07h 20m,"4.4
23",INR 570,27 Seats available,Biswanath Charali to Guwahati,https://www.redbus.in/bus-tickets/gohpur-to-guwahati
Pranjit Travels (Under ASTC),Non AC Seater (2+1),09:20,16:45,07h 25m,"3.9
22",INR 570,37 Seats available,Biswanath Charali to Guwahati,https://www.redbus.in/bus-tickets/gohpur-to-guwahati
Karisma (Aziba),NON A/C Seater (2+1),07:40,14:10,06h 30m,"4.7
7",INR 480,35 Seats available,Biswanath Charali to Guwahati,https://www.redbus.in/bus-tickets/gohpur-to-guwahati
DESTINY TRAVELS,NON A/C Seater (2+1),11:15,06:00,18h 45m,2.1,494,35 Seats available,Biswanath Charali to Guwahati,https://www.redbus.in/bus-tickets/gohpur-to-guwahati
PANKAJ TRAVELS,AC Seater (2+2),10:20,17:50,07h 30m,3.3,475,33 Seats available,Biswanath Charali to Guwahati,https://www.redbus.in/bus-tickets/gohpur-to-guwahati
Sylvan DEE Transport,Non AC Seater (2+1),21:05,05:00,07h 55m,3.2,INR 470,2 Seats available,Biswanath Charali to Guwahati,https://www.redbus.in/bus-tickets/gohpur-to-guwahati
Aniruddha Travels,NON A/C Seater/ Sleeper (2+1),18:15,04:00,09h 45m,"3.5
114",INR 550,34 Seats available,Biswanath Charali to Guwahati,https://www.redbus.in/bus-tickets/tinsukia-to-tezpur
Aniruddha Travels,AC Seater (2+2),06:00,15:35,09h 35m,"4.2
46",500,30 Seats available,Biswanath Charali to Guwahati,https://www.redbus.in/bus-tickets/tinsukia-to-tezpur
Puja Transport,NON AC Seater / Sleeper 2+1,18:30,05:00,10h 30m,"3.4
49",INR 600,38 Seats available,Biswanath Charali to Guwahati,https://www.redbus.in/bus-tickets/tinsukia-to-tezpur
SANJEEBANI TRAVELS,Non A/C Seater / Sleeper (2+1),16:40,03:00,10h 20m,New,500,36 Seats available,Biswanath Charali to Guwahati,https://www.redbus.in/bus-tickets/tinsukia-to-tezpur
J.S. Travels,Non AC Seater (2+1),17:30,04:00,10h 30m,"3.1
10",INR 550,32 Seats available,Biswanath Charali to Guwahati,https://www.redbus.in/bus-tickets/tinsukia-to-tezpur
Puja Transport,Non AC Seater (2+2),17:30,04:00,10h 30m,"3.1
5",INR 600,35 Seats available,Biswanath Charali to Guwahati,https://www.redbus.in/bus-tickets/tinsukia-to-tezpur
PIHU TRANSPORT,Bharat Benz NON A/C Seater / Sleeper (2+1),18:00,04:30,10h 30m,"2.0
16",INR 500,48 Seats available,Biswanath Charali to Guwahati,https://www.redbus.in/bus-tickets/tinsukia-to-tezpur
Neha Travels,NON A/C Seater (2+2),15:00,03:15,12h 15m,"1.9
4",INR 650,34 Seats available,Biswanath Charali to Guwahati,https://www.redbus.in/bus-tickets/tinsukia-to-tezpur
MOON TRAVELS,AC Seater (2+2),07:45,17:00,09h 15m,"1.4
5",618,35 Seats available,Biswanath Charali to Guwahati,https://www.redbus.in/bus-tickets/tinsukia-to-tezpur
Maa Laxmi,NON A/C Seater Push Back (2+1),16:00,01:00,09h 00m,2.9,INR 550,35 Seats available,Biswanath Charali to Guwahati,https://www.redbus.in/bus-tickets/tinsukia-to-tezpur
Assam State Transport Corporation (ASTC) - 152649,Bharat Benz A/C Seater (2+2),05:45,13:00,07h 15m,"3.8
25",INR 503,4 Seats available,Biswanath Charali to Guwahati,https://www.redbus.in/bus-tickets/golaghat-to-north-lakhimpur
Deep Travels,NON AC Seater / Sleeper 2+1,17:00,06:30,13h 30m,"3.0
28",INR 650,43 Seats available,Silchar to Guwahati,https://www.redbus.in/bus-tickets/silchar-to-guwahati
NETWORK TRAVELS,NON A/C Seater Push Back (2+1),17:30,05:30,12h 00m,"2.9
32",INR 550,32 Seats available,Silchar to Guwahati,https://www.redbus.in/bus-tickets/silchar-to-guwahati
Jagannath Travels and Tours Pvt. Ltd.,NON A/C Seater Push Back (2+1),18:30,05:05,10h 35m,"2.0
51",INR 650,32 Seats available,Silchar to Guwahati,https://www.redbus.in/bus-tickets/silchar-to-guwahati
JAYSIKA,NON A/C Seater (2+1),16:30,04:30,12h 00m,"2.4
14",INR 650,35 Seats available,Silchar to Guwahati,https://www.redbus.in/bus-tickets/silchar-to-guwahati
Assam State Transport Corporation (ASTC) - 139495,NON A/C Seater Push Back (2+1),07:30,14:00,06h 30m,"3.5
52",INR 273,16 Seats available,Silchar to Guwahati,https://www.redbus.in/bus-tickets/bokakhat-to-dibrugarh
Purple Wings Coaches,A/C Seater / Sleeper (2+1),00:15,04:30,04h 15m,"3.9
4",551,35 Seats available,Silchar to Guwahati,https://www.redbus.in/bus-tickets/bokakhat-to-dibrugarh
Slumber 37,Bharat Benz A/C Sleeper (2+1),01:00,06:00,05h 00m,4.2,638,34 Seats available,Silchar to Guwahati,https://www.redbus.in/bus-tickets/bokakhat-to-dibrugarh
MOON TRAVELS,AC Seater (2+2),09:45,15:20,05h 35m,3.1,523,35 Seats available,Silchar to Guwahati,https://www.redbus.in/bus-tickets/bokakhat-to-dibrugarh
Aniruddha Travels,AC Seater (2+2),10:15,16:15,06h 00m,"4.2
8",500,16 Seats available,Silchar to Guwahati,https://www.redbus.in/bus-tickets/bokakhat-to-dibrugarh
SHIVAM TRAVELS,Bharat Benz A/C Seater (2+1),12:15,17:00,04h 45m,4.0,INR 650,13 Seats available,Silchar to Guwahati,https://www.redbus.in/bus-tickets/bokakhat-to-dibrugarh
Chartered Bus - ASTC,Volvo AC Seater Pushback 2+2,12:30,17:15,04h 45m,"4.8
11",INR 735.16,22 Seats available,Silchar to Guwahati,https://www.redbus.in/bus-tickets/bokakhat-to-dibrugarh
Bashudev Transline (Under ASTC),A/C Seater (2+1),12:35,18:00,05h 25m,"3.9
8",INR 550,19 Seats available,Silchar to Guwahati,https://www.redbus.in/bus-tickets/bokakhat-to-dibrugarh
Aniruddha Travels,NON A/C Seater/ Sleeper (2+1),23:15,04:00,04h 45m,"3.1
5",INR 550,46 Seats available,Silchar to Guwahati,https://www.redbus.in/bus-tickets/bokakhat-to-dibrugarh
Christina Travels,NON A/C Seater (2+2),11:00,16:30,05h 30m,"2.9
11",650,32 Seats available,Silchar to Guwahati,https://www.redbus.in/bus-tickets/bokakhat-to-dibrugarh
PIHU TRANSPORT,Bharat Benz NON A/C Seater / Sleeper (2+1),23:30,04:00,04h 30m,2.7,INR 500,50 Seats available,Silchar to Guwahati,https://www.redbus.in/bus-tickets/bokakhat-to-dibrugarh
Assam State Transport Corporation (ASTC) - 173044,Non AC Seater (2+2),13:00,15:30,02h 30m,"4.6
8",INR 170,14 Seats available,Silchar to Guwahati,https://www.redbus.in/bus-tickets/north-lakhimpur-to-moran
Assam State Transport Corporation (ASTC) - 155999,Bharat Benz A/C Seater (2+2),10:50,15:00,04h 10m,"4.6
10",INR 334,25 Seats available,Silchar to Guwahati,https://www.redbus.in/bus-tickets/tezpur-to-north-lakhimpur
Sparrow Travels (Under ASTC),Non AC Seater (2+2),06:30,12:00,05h 30m,3.4,INR 350,40 Seats available,Silchar to Guwahati,https://www.redbus.in/bus-tickets/tezpur-to-north-lakhimpur
Karisma (Aziba),NON A/C Seater (2+1),10:40,15:00,04h 20m,3.8,INR 400,24 Seats available,Silchar to Guwahati,https://www.redbus.in/bus-tickets/tezpur-to-north-lakhimpur
Chartered Bus - ASTC,A/C Seater Push Back (2+2),11:00,15:00,04h 00m,"4.6
23",INR 541.16,29 Seats available,Silchar to Guwahati,https://www.redbus.in/bus-tickets/tezpur-to-north-lakhimpur
Pranjit Travels (Under ASTC),A/C Seater (2+1),13:00,18:45,05h 45m,"3.4
9",INR 550,29 Seats available,Silchar to Guwahati,https://www.redbus.in/bus-tickets/tezpur-to-north-lakhimpur
KRISHNA CHARAN TRAVELS,A/C Seater Push Back (2+2),05:30,11:00,05h 30m,2.5,INR 450,39 Seats available,Silchar to Guwahati,https://www.redbus.in/bus-tickets/tezpur-to-north-lakhimpur
Mayur Travels (Under ASTC),Non AC Seater (2+2),05:45,11:30,05h 45m, ,INR 350,43 Seats available,Silchar to Guwahati,https://www.redbus.in/bus-tickets/tezpur-to-north-lakhimpur
Ruma Travels (Under ASTC),Non AC Seater (2+2),09:00,14:40,05h 40m,"1.0
4",INR 350,41 Seats available,Silchar to Guwahati,https://www.redbus.in/bus-tickets/tezpur-to-north-lakhimpur
BARBIE TRAVELS,A/C Seater Push Back (2+2),10:00,15:35,05h 35m,New,INR 400,34 Seats available,Silchar to Guwahati,https://www.redbus.in/bus-tickets/tezpur-to-north-lakhimpur
Mahadev K.P.,Tata A/C Seater (2+2),11:00,18:15,07h 15m,2.0,INR 460,41 Seats available,Silchar to Guwahati,https://www.redbus.in/bus-tickets/tezpur-to-north-lakhimpur
Mahadev K.P.,Tata A/C Seater (2+2),11:30,18:30,07h 00m,2.0,INR 460,41 Seats available,Silchar to Guwahati,https://www.redbus.in/bus-tickets/tezpur-to-north-lakhimpur
DESTINY TRAVELS,NON A/C Seater (2+1),23:30,03:45,04h 15m,2.1,437,32 Seats available,Silchar to Guwahati,https://www.redbus.in/bus-tickets/tezpur-to-north-lakhimpur
Aniruddha Travels,AC Seater (2+2),07:50,17:30,09h 40m,"3.8
56",500,9 Seats available,Silchar to Guwahati,https://www.redbus.in/bus-tickets/tezpur-to-tinsukia
Aniruddha Travels,NON A/C Seater/ Sleeper (2+1),19:30,04:45,09h 15m,"3.0
198",INR 550,30 Seats available,Silchar to Guwahati,https://www.redbus.in/bus-tickets/tezpur-to-tinsukia
PIHU TRANSPORT,Bharat Benz NON A/C Seater / Sleeper (2+1),19:45,05:00,09h 15m,"3.0
31",INR 500,49 Seats available,Silchar to Guwahati,https://www.redbus.in/bus-tickets/tezpur-to-tinsukia
Puja Transport,Non AC Seater (2+2),20:00,06:00,10h 00m,"3.2
20",INR 550,25 Seats available,Silchar to Guwahati,https://www.redbus.in/bus-tickets/tezpur-to-tinsukia
Puja Transport,NON AC Seater / Sleeper 2+1,20:00,05:30,09h 30m,"2.3
19",INR 600,31 Seats available,Silchar to Guwahati,https://www.redbus.in/bus-tickets/tezpur-to-tinsukia
SANJEEBANI TRAVELS,Non A/C Seater / Sleeper (2+1),21:30,05:10,07h 40m,"2.3
4",500,40 Seats available,Silchar to Guwahati,https://www.redbus.in/bus-tickets/tezpur-to-tinsukia
J.S. Travels,Non AC Seater (2+1),21:00,06:30,09h 30m,"2.1
15",INR 550,32 Seats available,Silchar to Guwahati,https://www.redbus.in/bus-tickets/tezpur-to-tinsukia
MOON TRAVELS,AC Seater (2+2),07:15,16:50,09h 35m,"2.6
10",618,35 Seats available,Silchar to Guwahati,https://www.redbus.in/bus-tickets/tezpur-to-tinsukia
Neha Travels,Non AC Seater (2+1),22:40,08:00,09h 20m,"1.4
4",INR 650,35 Seats available,Silchar to Guwahati,https://www.redbus.in/bus-tickets/tezpur-to-tinsukia
Neha Travels,NON A/C Seater (2+2),22:10,05:00,06h 50m,"1.1
10",INR 650,29 Seats available,Silchar to Guwahati,https://www.redbus.in/bus-tickets/tezpur-to-tinsukia
Assam State Transport Corporation (ASTC) - 147556,Bharat Benz A/C Seater (2+2),12:30,16:45,04h 15m,"4.5
29",INR 292.6,33 Seats available,Silchar to Guwahati,https://www.redbus.in/bus-tickets/dibrugarh-to-bihpuria
Assam State Transport Corporation (ASTC) - 139496,NON A/C Seater Push Back (2+1),09:30,16:30,07h 00m,"3.5
48",INR 273,20 Seats available,Silchar to Guwahati,https://www.redbus.in/bus-tickets/dibrugarh-to-bokakhat
Bashudev Transline (Under ASTC),A/C Seater (2+1),06:45,11:50,05h 05m,"4.5
14",INR 550,21 Seats available,Silchar to Guwahati,https://www.redbus.in/bus-tickets/dibrugarh-to-bokakhat
SHIVAM TRAVELS,Bharat Benz A/C Seater (2+1),07:30,12:30,05h 00m,"4.7
11",INR 600,35 Seats available,Silchar to Guwahati,https://www.redbus.in/bus-tickets/dibrugarh-to-bokakhat
Aniruddha Travels,AC Seater (2+2),07:30,14:00,06h 30m,3.6,500,30 Seats available,Silchar to Guwahati,https://www.redbus.in/bus-tickets/dibrugarh-to-bokakhat
Baikuntha Transport Service,Bharat Benz A/C Seater /Sleeper (2+1),19:30,01:00,05h 30m,"3.9
7",500,50 Seats available,Silchar to Guwahati,https://www.redbus.in/bus-tickets/dibrugarh-to-bokakhat
Purple Wings Coaches,A/C Seater / Sleeper (2+1),19:55,01:15,05h 20m,3.6,569,40 Seats available,Silchar to Guwahati,https://www.redbus.in/bus-tickets/dibrugarh-to-bokakhat
Shree Ram Travels,Bharat Benz A/C Seater /Sleeper (2+1),20:45,01:40,04h 55m,4.8,530,28 Seats available,Silchar to Guwahati,https://www.redbus.in/bus-tickets/dibrugarh-to-bokakhat
Maa Laxmi,NON A/C Seater Push Back (2+1),17:30,22:15,28h 45m,2.9,INR 500,33 Seats available,Silchar to Guwahati,https://www.redbus.in/bus-tickets/dibrugarh-to-bokakhat
